



INSERT INTO "public"."Customer"("id", "name", "address", "dateOfBirth") VALUES (6, E'Demo Customer 6', E'Demostraat 6', E'2000-06-06');

INSERT INTO "public"."Customer"("id", "name", "address", "dateOfBirth") VALUES (7, E'Demo Customer 7', E'Demostraat 7', E'2000-06-07');

INSERT INTO "public"."Customer"("id", "name", "address", "dateOfBirth") VALUES (8, E'Demo Customer 8', E'Demostraat 8', E'2000-06-08');

INSERT INTO "public"."Customer"("id", "name", "address", "dateOfBirth") VALUES (9, E'Demo Customer 9', E'Demostraat 9', E'2000-06-09');

INSERT INTO "public"."Customer"("id", "name", "address", "dateOfBirth") VALUES (10, E'Demo Customer 10', E'Demostraat 10', E'2000-06-10');

INSERT INTO "public"."Customer"("id", "name", "address", "dateOfBirth") VALUES (11, E'Demo Customer 11', E'Demostraat 11', E'2000-06-11');

INSERT INTO "public"."Customer"("id", "name", "address", "dateOfBirth") VALUES (12, E'Demo Customer 12', E'Demostraat 12', E'2000-06-12');

INSERT INTO "public"."Customer"("id", "name", "address", "dateOfBirth") VALUES (13, E'Demo Customer 13', E'Demostraat 13', E'2000-06-13');

INSERT INTO "public"."Customer"("id", "name", "address", "dateOfBirth") VALUES (14, E'Demo Customer 14', E'Demostraat 14', E'2000-06-14');

INSERT INTO "public"."Customer"("id", "name", "address", "dateOfBirth") VALUES (15, E'Demo Customer 15', E'Demostraat 15', E'2000-06-15');

INSERT INTO "public"."Customer"("id", "name", "address", "dateOfBirth") VALUES (16, E'Demo Customer 16', E'Demostraat 16', E'2000-06-16');

INSERT INTO "public"."Customer"("id", "name", "address", "dateOfBirth") VALUES (17, E'Demo Customer 17', E'Demostraat 17', E'2000-06-17');

INSERT INTO "public"."Customer"("id", "name", "address", "dateOfBirth") VALUES (18, E'Demo Customer 18', E'Demostraat 18', E'2000-06-18');

INSERT INTO "public"."Customer"("id", "name", "address", "dateOfBirth") VALUES (19, E'Demo Customer 19', E'Demostraat 19', E'2000-06-19');

INSERT INTO "public"."Customer"("id", "name", "address", "dateOfBirth") VALUES (20, E'Demo Customer 20', E'Demostraat 20', E'2000-06-20');

INSERT INTO "public"."Customer"("id", "name", "address", "dateOfBirth") VALUES (21, E'Demo Customer 21', E'Demostraat 21', E'2000-06-21');

INSERT INTO "public"."Customer"("id", "name", "address", "dateOfBirth") VALUES (22, E'Demo Customer 22', E'Demostraat 22', E'2000-06-22');

INSERT INTO "public"."Customer"("id", "name", "address", "dateOfBirth") VALUES (23, E'Demo Customer 23', E'Demostraat 23', E'2000-06-23');

INSERT INTO "public"."Customer"("id", "name", "address", "dateOfBirth") VALUES (24, E'Demo Customer 24', E'Demostraat 24', E'2000-06-24');

INSERT INTO "public"."Customer"("id", "name", "address", "dateOfBirth") VALUES (25, E'Demo Customer 25', E'Demostraat 25', E'2000-06-25');

INSERT INTO "public"."Customer"("id", "name", "address", "dateOfBirth") VALUES (26, E'Demo Customer 26', E'Demostraat 26', E'2000-06-26');

INSERT INTO "public"."Customer"("id", "name", "address", "dateOfBirth") VALUES (27, E'Demo Customer 27', E'Demostraat 27', E'2000-06-27');

INSERT INTO "public"."Customer"("id", "name", "address", "dateOfBirth") VALUES (28, E'Demo Customer 28', E'Demostraat 28', E'2000-06-28');

INSERT INTO "public"."Customer"("id", "name", "address", "dateOfBirth") VALUES (29, E'Demo Customer 29', E'Demostraat 29', E'2000-06-29');

INSERT INTO "public"."Customer"("id", "name", "address", "dateOfBirth") VALUES (30, E'Demo Customer 30', E'Demostraat 30', E'2000-06-30');

INSERT INTO "public"."Customer"("id", "name", "address", "dateOfBirth") VALUES (31, E'Demo Customer 31', E'Demostraat 31', E'2000-07-01');

INSERT INTO "public"."Customer"("id", "name", "address", "dateOfBirth") VALUES (32, E'Demo Customer 32', E'Demostraat 32', E'2000-07-02');

INSERT INTO "public"."Customer"("id", "name", "address", "dateOfBirth") VALUES (33, E'Demo Customer 33', E'Demostraat 33', E'2000-07-03');

INSERT INTO "public"."Customer"("id", "name", "address", "dateOfBirth") VALUES (34, E'Demo Customer 34', E'Demostraat 34', E'2000-07-04');

INSERT INTO "public"."Customer"("id", "name", "address", "dateOfBirth") VALUES (35, E'Demo Customer 35', E'Demostraat 35', E'2000-07-05');

INSERT INTO "public"."Customer"("id", "name", "address", "dateOfBirth") VALUES (36, E'Demo Customer 36', E'Demostraat 36', E'2000-07-06');

INSERT INTO "public"."Customer"("id", "name", "address", "dateOfBirth") VALUES (37, E'Demo Customer 37', E'Demostraat 37', E'2000-07-07');

INSERT INTO "public"."Customer"("id", "name", "address", "dateOfBirth") VALUES (38, E'Demo Customer 38', E'Demostraat 38', E'2000-07-08');

INSERT INTO "public"."Customer"("id", "name", "address", "dateOfBirth") VALUES (39, E'Demo Customer 39', E'Demostraat 39', E'2000-07-09');

INSERT INTO "public"."Customer"("id", "name", "address", "dateOfBirth") VALUES (40, E'Demo Customer 40', E'Demostraat 40', E'2000-07-10');


INSERT INTO "public"."Store"("id", "name", "address") VALUES (6, E'Demo Store 6', E'Demo Store Address 6');

INSERT INTO "public"."Store"("id", "name", "address") VALUES (7, E'Demo Store 7', E'Demo Store Address 7');

INSERT INTO "public"."Store"("id", "name", "address") VALUES (8, E'Demo Store 8', E'Demo Store Address 8');

INSERT INTO "public"."Store"("id", "name", "address") VALUES (9, E'Demo Store 9', E'Demo Store Address 9');

INSERT INTO "public"."Store"("id", "name", "address") VALUES (10, E'Demo Store 10', E'Demo Store Address 10');

INSERT INTO "public"."Store"("id", "name", "address") VALUES (11, E'Demo Store 11', E'Demo Store Address 11');

INSERT INTO "public"."Store"("id", "name", "address") VALUES (12, E'Demo Store 12', E'Demo Store Address 12');

INSERT INTO "public"."Store"("id", "name", "address") VALUES (13, E'Demo Store 13', E'Demo Store Address 13');

INSERT INTO "public"."Store"("id", "name", "address") VALUES (14, E'Demo Store 14', E'Demo Store Address 14');

INSERT INTO "public"."Store"("id", "name", "address") VALUES (15, E'Demo Store 15', E'Demo Store Address 15');

INSERT INTO "public"."Store"("id", "name", "address") VALUES (16, E'Demo Store 16', E'Demo Store Address 16');

INSERT INTO "public"."Store"("id", "name", "address") VALUES (17, E'Demo Store 17', E'Demo Store Address 17');

INSERT INTO "public"."Store"("id", "name", "address") VALUES (18, E'Demo Store 18', E'Demo Store Address 18');

INSERT INTO "public"."Store"("id", "name", "address") VALUES (19, E'Demo Store 19', E'Demo Store Address 19');

INSERT INTO "public"."Store"("id", "name", "address") VALUES (20, E'Demo Store 20', E'Demo Store Address 20');

INSERT INTO "public"."Store"("id", "name", "address") VALUES (21, E'Demo Store 21', E'Demo Store Address 21');

INSERT INTO "public"."Store"("id", "name", "address") VALUES (22, E'Demo Store 22', E'Demo Store Address 22');

INSERT INTO "public"."Store"("id", "name", "address") VALUES (23, E'Demo Store 23', E'Demo Store Address 23');

INSERT INTO "public"."Store"("id", "name", "address") VALUES (24, E'Demo Store 24', E'Demo Store Address 24');

INSERT INTO "public"."Store"("id", "name", "address") VALUES (25, E'Demo Store 25', E'Demo Store Address 25');

INSERT INTO "public"."Store"("id", "name", "address") VALUES (26, E'Demo Store 26', E'Demo Store Address 26');

INSERT INTO "public"."Store"("id", "name", "address") VALUES (27, E'Demo Store 27', E'Demo Store Address 27');

INSERT INTO "public"."Store"("id", "name", "address") VALUES (28, E'Demo Store 28', E'Demo Store Address 28');

INSERT INTO "public"."Store"("id", "name", "address") VALUES (29, E'Demo Store 29', E'Demo Store Address 29');

INSERT INTO "public"."Store"("id", "name", "address") VALUES (30, E'Demo Store 30', E'Demo Store Address 30');

INSERT INTO "public"."Store"("id", "name", "address") VALUES (31, E'Demo Store 31', E'Demo Store Address 31');

INSERT INTO "public"."Store"("id", "name", "address") VALUES (32, E'Demo Store 32', E'Demo Store Address 32');

INSERT INTO "public"."Store"("id", "name", "address") VALUES (33, E'Demo Store 33', E'Demo Store Address 33');

INSERT INTO "public"."Store"("id", "name", "address") VALUES (34, E'Demo Store 34', E'Demo Store Address 34');

INSERT INTO "public"."Store"("id", "name", "address") VALUES (35, E'Demo Store 35', E'Demo Store Address 35');

INSERT INTO "public"."Store"("id", "name", "address") VALUES (36, E'Demo Store 36', E'Demo Store Address 36');

INSERT INTO "public"."Store"("id", "name", "address") VALUES (37, E'Demo Store 37', E'Demo Store Address 37');

INSERT INTO "public"."Store"("id", "name", "address") VALUES (38, E'Demo Store 38', E'Demo Store Address 38');

INSERT INTO "public"."Store"("id", "name", "address") VALUES (39, E'Demo Store 39', E'Demo Store Address 39');

INSERT INTO "public"."Store"("id", "name", "address") VALUES (40, E'Demo Store 40', E'Demo Store Address 40');

INSERT INTO "public"."Customer"("id", "name", "address", "dateOfBirth") VALUES (41, E'Demo Customer 41', E'Demostraat 41', E'2000-07-11');

INSERT INTO "public"."Store"("id", "name", "address") VALUES (41, E'Demo Store 41', E'Demo Store Address 41');

INSERT INTO "public"."Product"("id", "name", "category", "description") VALUES (5, E'Demo Product 5', E'Demo Category 5', E'https://i.pinimg.com/550x/20/11/86/2011866a504f2e68bdd35a445726500c.jpg');

INSERT INTO "public"."Product"("id", "name", "category", "description") VALUES (7, E'Demo Product 7', E'Demo Category 7', E'https://i.pinimg.com/originals/ef/59/0d/ef590d3e2990e6827d96ad8ce55a755b.png');

INSERT INTO "public"."Product"("id", "name", "category", "description") VALUES (8, E'Demo Product 8', E'Demo Category 8', E'https://i.pinimg.com/originals/59/9b/bb/599bbb49d7a3bb5546ff4017e9eb76ce.png');

INSERT INTO "public"."Product"("id", "name", "category", "description") VALUES (9, E'Demo Product 9', E'Demo Category 9', E'https://img1.fonwall.ru/o/ve/adorable-cute-animals.jpeg');

INSERT INTO "public"."Product"("id", "name", "category", "description") VALUES (10, E'Demo Product 10', E'Demo Category 10', E'https://pbs.twimg.com/profile_images/521554275713830913/TBY5IslL_400x400.jpeg');

INSERT INTO "public"."Product"("id", "name", "category", "description") VALUES (11, E'Demo Product 11', E'Demo Category 11', E'https://i.pinimg.com/originals/fd/d8/43/fdd843279e546c5a2cbf1b9c051201a5.png');

INSERT INTO "public"."Product"("id", "name", "category", "description") VALUES (12, E'Demo Product 12', E'Demo Category 12', E'https://i.ytimg.com/vi/Wgn-YDINixA/maxresdefault.jpg');

INSERT INTO "public"."Product"("id", "name", "category", "description") VALUES (13, E'Demo Product 13', E'Demo Category 13', E'https://wallpaper.dog/large/20534251.jpg');

INSERT INTO "public"."Product"("id", "name", "category", "description") VALUES (14, E'Demo Product 14', E'Demo Category 14', E'https://i.kym-cdn.com/photos/images/original/001/607/299/939.jpeg');

INSERT INTO "public"."Product"("id", "name", "category", "description") VALUES (15, E'Demo Product 15', E'Demo Category 15', E'https://warnerbros-h.assetsadobe.com/is/image/content/dam/ellen/videos/ugc/topical/SnootBoop.mp4');

INSERT INTO "public"."Product"("id", "name", "category", "description") VALUES (16, E'Demo Product 16', E'Demo Category 16', E'https://dogsnstuff.net/wp-content/uploads/2021/07/Why-are-dogs-so-cute-758x505.jpg');

INSERT INTO "public"."Product"("id", "name", "category", "description") VALUES (17, E'Demo Product 17', E'Demo Category 17', E'https://upload.wikimedia.org/wikipedia/commons/b/b9/Football_iu_1996.jpg');

INSERT INTO "public"."Product"("id", "name", "category", "description") VALUES (18, E'Demo Product 18', E'Demo Category 18', E'https://upload.wikimedia.org/wikipedia/commons/2/2d/2019-05-18_Fu%C3%9Fball%2C_Frauen%2C_UEFA_Women%27s_Champions_League%2C_Olympique_Lyonnais_-_FC_Barcelona_StP_1192_LR10_by_Stepro%28Cropped%29.jpg');

INSERT INTO "public"."Product"("id", "name", "category", "description") VALUES (19, E'Demo Product 19', E'Demo Category 19', E'https://assets.goal.com/v3/assets/bltcc7a7ffd2fbf71f5/blt43379f306fcf4b9f/62b2b8585ecffc79b36a1856/captains.jpeg');

INSERT INTO "public"."Product"("id", "name", "category", "description") VALUES (20, E'Demo Product 20', E'Demo Category 20', E'https://imgresizer.eurosport.com/unsafe/725x408/filters:format(jpeg):focal(1066x549:1068x547)/origin-imgresizer.eurosport.com/2022/06/23/3397549-69431148-2560-1440.jpg');

INSERT INTO "public"."Product"("id", "name", "category", "description") VALUES (21, E'Demo Product 21', E'Demo Category 21', E'https://i.ytimg.com/vi/z7WzDlanZmg/maxresdefault.jpg');

INSERT INTO "public"."Product"("id", "name", "category", "description") VALUES (22, E'Demo Product 22', E'Demo Category 22', E'https://d1e00ek4ebabms.cloudfront.net/production/420e7555-72a1-4843-8326-26e602b3700e.jpg');

INSERT INTO "public"."Product"("id", "name", "category", "description") VALUES (23, E'Demo Product 23', E'Demo Category 23', E'https://www.holland.com/upload_mm/a/c/b/77083_fullimage_21060610606evh0985_1360x785.jpg');

INSERT INTO "public"."Product"("id", "name", "category", "description") VALUES (24, E'Demo Product 24', E'Demo Category 24', E'https://psmag.com/.image/ar_1:1%2Cc_fill%2Ccs_srgb%2Cfl_progressive%2Cq_auto:good%2Cw_1200/MTI3NTgyNDQwNTQwODYwMzg2/robben-world-cup.jpg');

INSERT INTO "public"."Product"("id", "name", "category", "description") VALUES (25, E'Demo Product 25', E'Demo Category 25', E'https://static.independent.co.uk/s3fs-public/thumbnails/image/2017/03/27/20/arjen-robben-holland.jpg');

INSERT INTO "public"."Product"("id", "name", "category", "description") VALUES (26, E'Demo Product 26', E'Demo Category 26', E'https://cdn.bleacherreport.net/images_root/slides/photos/000/240/664/bergkamphol2_original.jpg');

INSERT INTO "public"."Product"("id", "name", "category", "description") VALUES (27, E'Demo Product 27', E'Demo Category 27', E'https://imgresizer.eurosport.com/unsafe/1280x960/smart/filters:format(jpeg)/origin-imgresizer.eurosport.com/2012/05/28/845870-20385043-2560-1440.jpg');

INSERT INTO "public"."Product"("id", "name", "category", "description") VALUES (28, E'Demo Product 28', E'Demo Category 28', E'https://upload.wikimedia.org/wikipedia/en/thumb/2/2d/Fortuna_Sittard_logo.svg/1200px-Fortuna_Sittard_logo.svg.png');

INSERT INTO "public"."Product"("id", "name", "category", "description") VALUES (29, E'Demo Product 29', E'Demo Category 29', E'https://www.fortunasittard.nl/wp-content/uploads/2021/07/Thuisshirt-voorkant-2.0-scaled.jpg');

INSERT INTO "public"."Product"("id", "name", "category", "description") VALUES (30, E'Demo Product 30', E'Demo Category 30', E'https://3.bp.blogspot.com/-kDMPC6TsJo0/XXZKRJDZojI/AAAAAAACFfw/2r-iZsoOzNUGVkYFVlFa0FIN9rR_6KtAACLcBGAs/s1600/fortuna-sittard-19-20-home-away-kits%2B%25282%2529.jpg');

INSERT INTO "public"."Product"("id", "name", "category", "description") VALUES (31, E'Demo Product 31', E'Demo Category 31', E'https://www.101greatgoals.com/wp-content/uploads/2021/08/GettyImages-1334150255-scaled.jpg');

INSERT INTO "public"."Product"("id", "name", "category", "description") VALUES (32, E'Demo Product 32', E'Demo Category 32', E'https://fastly.4sqi.net/img/general/600x600/25213703_7os5U3JI5Ep6CNcnZMPN8xjqgxWtqQJbXy2oF5GQzmc.jpg');

INSERT INTO "public"."Product"("id", "name", "category", "description") VALUES (33, E'Demo Product 33', E'Demo Category 33', E'https://www.heracles.nl//wp_app/uploads/2019/06/forher.jpg');

INSERT INTO "public"."Product"("id", "name", "category", "description") VALUES (34, E'Demo Product 34', E'Demo Category 34', E'https://c8.alamy.com/comp/2HWKMBX/sittard-06-03-2022-fortuna-sittard-stadium-dutch-football-eredivisie-season-20212022-fortuna-sittard-pec-zwolle-fortuna-sittard-player-dimitrios-siovas-before-the-match-fortuna-sittard-pec-zwolle-photo-by-pro-shotssipa-usa-world-rights-except-austria-and-the-netherlands-2HWKMBX.jpg');

INSERT INTO "public"."Product"("id", "name", "category", "description") VALUES (35, E'Demo Product 35', E'Demo Category 35', E'https://www.soccerbox.com/media/catalog/product/cache/e5c18d5f608fefb2b3ef83fcb1922b34/p/s/psv-home-shirt-20-21.jpg');

INSERT INTO "public"."Product"("id", "name", "category", "description") VALUES (36, E'Demo Product 36', E'Demo Category 36', E'https://s.hs-data.com/bilder/teamfotos/640x360/1425.jpg');

INSERT INTO "public"."Product"("id", "name", "category", "description") VALUES (37, E'Demo Product 37', E'Demo Category 37', E'https://phantom-marca.unidadeditorial.es/84f00a47bade305ed981513e2d6b6b02/resize/1320/f/jpg/assets/multimedia/imagenes/2021/08/03/16280256063936.jpg');

INSERT INTO "public"."Product"("id", "name", "category", "description") VALUES (38, E'Demo Product 38', E'Demo Category 38', E'https://www.sportzcraazy.com/wp-content/uploads/2020/03/ajax-fc.jpeg');

INSERT INTO "public"."Product"("id", "name", "category", "description") VALUES (39, E'Demo Product 39', E'Demo Category 39', E'https://idsb.tmgrup.com.tr/ly/uploads/images/2021/09/18/145560.jpg');

INSERT INTO "public"."Product"("id", "name", "category", "description") VALUES (40, E'Demo Product 40', E'Demo Category 40', E'https://dvy7d3tlxdpkf.cloudfront.net/kncb/SEO/_1200x630_crop_center-center_82_none/ogimage_kncb.png');

INSERT INTO "public"."Product"("id", "name", "category", "description") VALUES (41, E'Demo Product 41', E'Demo Category 41', E'https://dynaimage.cdn.cnn.com/cnn/c_fill,g_auto,w_1200,h_675,ar_16:9/https%3A%2F%2Fcdn.cnn.com%2Fcnnnext%2Fdam%2Fassets%2F210721162226-netherlands-zambia.jpg');

INSERT INTO "public"."Purchase"("id", "product", "customer", "store", "date") VALUES (5, 5, 5, 5, E'2022-06-01');

INSERT INTO "public"."Purchase"("id", "product", "customer", "store", "date") VALUES (6, 6, 6, 6, E'2022-06-02');

INSERT INTO "public"."Purchase"("id", "product", "customer", "store", "date") VALUES (7, 7, 7, 7, E'2022-06-03');

INSERT INTO "public"."Purchase"("id", "product", "customer", "store", "date") VALUES (8, 8, 8, 8, E'2022-06-04');

INSERT INTO "public"."Purchase"("id", "product", "customer", "store", "date") VALUES (9, 9, 9, 9, E'2022-06-05');

INSERT INTO "public"."Purchase"("id", "product", "customer", "store", "date") VALUES (10, 10, 10, 10, E'2022-06-06');

INSERT INTO "public"."Purchase"("id", "product", "customer", "store", "date") VALUES (11, 11, 11, 11, E'2022-06-07');

INSERT INTO "public"."Purchase"("id", "product", "customer", "store", "date") VALUES (12, 12, 12, 12, E'2022-06-08');

INSERT INTO "public"."Purchase"("id", "product", "customer", "store", "date") VALUES (13, 13, 13, 13, E'2022-06-09');

INSERT INTO "public"."Purchase"("id", "product", "customer", "store", "date") VALUES (14, 14, 14, 14, E'2022-06-10');

INSERT INTO "public"."Purchase"("id", "product", "customer", "store", "date") VALUES (15, 15, 15, 15, E'2022-06-11');

INSERT INTO "public"."Purchase"("id", "product", "customer", "store", "date") VALUES (16, 16, 16, 16, E'2022-06-12');

INSERT INTO "public"."Purchase"("id", "product", "customer", "store", "date") VALUES (17, 17, 17, 17, E'2022-06-13');

INSERT INTO "public"."Purchase"("id", "product", "customer", "store", "date") VALUES (18, 18, 18, 18, E'2022-06-14');

INSERT INTO "public"."Purchase"("id", "product", "customer", "store", "date") VALUES (19, 19, 19, 19, E'2022-06-15');

INSERT INTO "public"."Purchase"("id", "product", "customer", "store", "date") VALUES (20, 20, 20, 20, E'2022-06-16');

INSERT INTO "public"."Purchase"("id", "product", "customer", "store", "date") VALUES (21, 21, 21, 21, E'2022-06-17');

INSERT INTO "public"."Purchase"("id", "product", "customer", "store", "date") VALUES (22, 22, 22, 22, E'2022-06-18');

INSERT INTO "public"."Purchase"("id", "product", "customer", "store", "date") VALUES (23, 23, 23, 23, E'2022-06-19');

INSERT INTO "public"."Purchase"("id", "product", "customer", "store", "date") VALUES (24, 24, 24, 24, E'2022-06-20');

INSERT INTO "public"."Purchase"("id", "product", "customer", "store", "date") VALUES (25, 25, 25, 25, E'2022-06-21');

INSERT INTO "public"."Purchase"("id", "product", "customer", "store", "date") VALUES (26, 26, 26, 26, E'2022-06-22');

INSERT INTO "public"."Purchase"("id", "product", "customer", "store", "date") VALUES (27, 27, 27, 27, E'2022-06-23');

INSERT INTO "public"."Purchase"("id", "product", "customer", "store", "date") VALUES (28, 28, 28, 28, E'2022-06-24');

INSERT INTO "public"."Purchase"("id", "product", "customer", "store", "date") VALUES (29, 29, 29, 29, E'2022-06-25');

INSERT INTO "public"."Purchase"("id", "product", "customer", "store", "date") VALUES (30, 30, 30, 30, E'2022-06-26');

INSERT INTO "public"."Purchase"("id", "product", "customer", "store", "date") VALUES (31, 31, 31, 31, E'2022-06-27');

INSERT INTO "public"."Purchase"("id", "product", "customer", "store", "date") VALUES (32, 32, 32, 32, E'2022-06-28');

INSERT INTO "public"."Purchase"("id", "product", "customer", "store", "date") VALUES (33, 33, 33, 33, E'2022-06-29');

INSERT INTO "public"."Purchase"("id", "product", "customer", "store", "date") VALUES (34, 34, 34, 34, E'2022-06-30');

INSERT INTO "public"."Purchase"("id", "product", "customer", "store", "date") VALUES (35, 35, 35, 35, E'2022-07-01');

INSERT INTO "public"."Purchase"("id", "product", "customer", "store", "date") VALUES (36, 36, 36, 36, E'2022-07-02');

INSERT INTO "public"."Purchase"("id", "product", "customer", "store", "date") VALUES (37, 37, 37, 37, E'2022-07-03');

INSERT INTO "public"."Purchase"("id", "product", "customer", "store", "date") VALUES (38, 38, 38, 38, E'2022-07-04');

INSERT INTO "public"."Purchase"("id", "product", "customer", "store", "date") VALUES (39, 39, 39, 39, E'2022-07-05');

INSERT INTO "public"."Purchase"("id", "product", "customer", "store", "date") VALUES (40, 40, 40, 40, E'2022-07-06');

INSERT INTO "public"."Purchase"("id", "product", "customer", "store", "date") VALUES (41, 41, 41, 41, E'2022-07-07');

INSERT INTO "public"."Inventory"("id", "store", "date", "product", "price") VALUES (5, 5, E'2022-05-01', 5, 105);

INSERT INTO "public"."Inventory"("id", "store", "date", "product", "price") VALUES (6, 6, E'2022-05-06', 6, 106);

INSERT INTO "public"."Inventory"("id", "store", "date", "product", "price") VALUES (7, 7, E'2022-05-07', 7, 107);

INSERT INTO "public"."Inventory"("id", "store", "date", "product", "price") VALUES (8, 8, E'2022-05-08', 8, 108);

INSERT INTO "public"."Inventory"("id", "store", "date", "product", "price") VALUES (9, 9, E'2022-05-09', 9, 109);

INSERT INTO "public"."Inventory"("id", "store", "date", "product", "price") VALUES (10, 10, E'2022-05-10', 10, 110);

INSERT INTO "public"."Inventory"("id", "store", "date", "product", "price") VALUES (11, 11, E'2022-05-11', 11, 111);

INSERT INTO "public"."Inventory"("id", "store", "date", "product", "price") VALUES (12, 12, E'2022-05-12', 12, 112);

INSERT INTO "public"."Inventory"("id", "store", "date", "product", "price") VALUES (13, 13, E'2022-05-13', 13, 113);

INSERT INTO "public"."Inventory"("id", "store", "date", "product", "price") VALUES (14, 14, E'2022-05-14', 14, 114);

INSERT INTO "public"."Inventory"("id", "store", "date", "product", "price") VALUES (15, 15, E'2022-05-15', 15, 115);

INSERT INTO "public"."Inventory"("id", "store", "date", "product", "price") VALUES (16, 16, E'2022-05-16', 16, 116);

INSERT INTO "public"."Inventory"("id", "store", "date", "product", "price") VALUES (17, 17, E'2022-05-17', 17, 117);

INSERT INTO "public"."Inventory"("id", "store", "date", "product", "price") VALUES (18, 18, E'2022-05-18', 18, 118);

INSERT INTO "public"."Inventory"("id", "store", "date", "product", "price") VALUES (19, 19, E'2022-05-19', 19, 119);

INSERT INTO "public"."Inventory"("id", "store", "date", "product", "price") VALUES (20, 20, E'2022-05-20', 20, 120);

INSERT INTO "public"."Inventory"("id", "store", "date", "product", "price") VALUES (21, 21, E'2022-05-21', 21, 121);

INSERT INTO "public"."Inventory"("id", "store", "date", "product", "price") VALUES (22, 22, E'2022-05-22', 22, 122);

INSERT INTO "public"."Inventory"("id", "store", "date", "product", "price") VALUES (23, 23, E'2022-05-23', 23, 123);

INSERT INTO "public"."Inventory"("id", "store", "date", "product", "price") VALUES (24, 24, E'2022-05-24', 24, 124);

INSERT INTO "public"."Inventory"("id", "store", "date", "product", "price") VALUES (25, 25, E'2022-05-25', 25, 125);

INSERT INTO "public"."Inventory"("id", "store", "date", "product", "price") VALUES (26, 26, E'2022-05-26', 26, 126);

INSERT INTO "public"."Inventory"("id", "store", "date", "product", "price") VALUES (27, 27, E'2022-05-27', 27, 127);

INSERT INTO "public"."Inventory"("id", "store", "date", "product", "price") VALUES (28, 28, E'2022-05-28', 28, 128);

INSERT INTO "public"."Inventory"("id", "store", "date", "product", "price") VALUES (29, 29, E'2022-05-29', 29, 129);

INSERT INTO "public"."Inventory"("id", "store", "date", "product", "price") VALUES (30, 30, E'2022-05-30', 30, 130);

INSERT INTO "public"."Inventory"("id", "store", "date", "product", "price") VALUES (31, 31, E'2022-05-31', 31, 131);

INSERT INTO "public"."Inventory"("id", "store", "date", "product", "price") VALUES (32, 32, E'2022-06-01', 32, 132);

INSERT INTO "public"."Inventory"("id", "store", "date", "product", "price") VALUES (33, 33, E'2022-06-02', 33, 133);

INSERT INTO "public"."Inventory"("id", "store", "date", "product", "price") VALUES (34, 34, E'2022-06-03', 34, 134);

INSERT INTO "public"."Inventory"("id", "store", "date", "product", "price") VALUES (35, 35, E'2022-06-04', 35, 135);

INSERT INTO "public"."Inventory"("id", "store", "date", "product", "price") VALUES (36, 36, E'2022-06-05', 36, 136);

INSERT INTO "public"."Inventory"("id", "store", "date", "product", "price") VALUES (37, 37, E'2022-06-07', 37, 137);

INSERT INTO "public"."Inventory"("id", "store", "date", "product", "price") VALUES (38, 38, E'2022-06-08', 38, 138);

INSERT INTO "public"."Inventory"("id", "store", "date", "product", "price") VALUES (39, 39, E'2022-06-09', 39, 139);

INSERT INTO "public"."Inventory"("id", "store", "date", "product", "price") VALUES (40, 40, E'2022-06-10', 40, 140);

INSERT INTO "public"."Inventory"("id", "store", "date", "product", "price") VALUES (41, 41, E'2022-06-11', 41, 141);
